꾸러미,단원,구분,항목,원본,변경,사유
"sc3221","3-2학기 과학 「2. 지구와 바다」","성취기준","[4과06-03]","[4과06-03] 밀물과 썰물의 차이를 알고, 갯벌의 가치와 보전의 필요성을 설득⋅홍보할 수 있다.","[4과06-03] 밀물과 썰물의 차이를 알고, 갯벌의 가치와 보전의 필요성을 설득·홍보할 수 있다.","2022 교육과정 원문 표기 그대로(가운뎃점·마침표·띄어쓰기)"
"sc4141","4-1학기 과학 「4. 다양한 생물과 우리 생활」","성취기준","[4과12-01]","[4과12-01] 균류⋅원생생물⋅세균을 관찰하여 특징과 사는 곳을 설명할 수 있다.","[4과12-01] 균류·원생생물·세균을 관찰하여 특징과 사는 곳을 설명할 수 있다.","2022 교육과정 원문 표기 그대로(가운뎃점·마침표·띄어쓰기)"
"sc4141","4-1학기 과학 「4. 다양한 생물과 우리 생활」","성취기준","[4과12-02]","[4과12-02] 균류⋅원생생물⋅세균이 우리 생활에 미치는 영향을 조사하여 발표할 수 있다.","[4과12-02] 균류·원생생물·세균이 우리 생활에 미치는 영향을 조사하여 발표할 수 있다.","2022 교육과정 원문 표기 그대로(가운뎃점·마침표·띄어쓰기)"
"sc5111","5-1학기 과학 「1. 지층과 화석」","단계","stages","온도, 열의 이동, 전도, 대류, 단열","(없음)","영상을 뺀 결과 — 지층·화석 영상은 당분간 비워 둠(운영자 결정)"
"sc5111","5-1학기 과학 「1. 지층과 화석」","영상 뺌","v1","[온도] 사물, 장소, 우주 행성들의 온도는 어떨까? | https://www.youtube.com/watch?v=IJzkhvoC518","","「지층과 화석」과 무관(옛 「온도와 열」 단원 영상)"
"sc5111","5-1학기 과학 「1. 지층과 화석」","영상 뺌","v2","[온도] 섭씨온도에 숨겨진 이야기 | https://www.youtube.com/watch?v=dghbnM0Tq44","","「지층과 화석」과 무관(옛 「온도와 열」 단원 영상)"
"sc5111","5-1학기 과학 「1. 지층과 화석」","영상 뺌","v3","[온도] 온도를 예측하는 접촉식 체온계의 구조는? | https://www.youtube.com/watch?v=zz6XUDJ3Vnw","","「지층과 화석」과 무관(옛 「온도와 열」 단원 영상)"
"sc5111","5-1학기 과학 「1. 지층과 화석」","영상 뺌","v4","[온도] 온도계의 종류와 사용법 | https://www.youtube.com/watch?v=LL_pLxtcP_0","","「지층과 화석」과 무관(옛 「온도와 열」 단원 영상)"
"sc5111","5-1학기 과학 「1. 지층과 화석」","영상 뺌","v5","[온도] 차갑거나 따뜻한 정도를 어떻게 표현할까? | https://www.youtube.com/watch?v=XiWJkArk9T4","","「지층과 화석」과 무관(옛 「온도와 열」 단원 영상)"
"sc5111","5-1학기 과학 「1. 지층과 화석」","영상 뺌","v6","[열의 이동] 열의 이동원리, 대전에 살면 복이 있다? | https://www.youtube.com/watch?v=wq9XaYP88Tk","","「지층과 화석」과 무관(옛 「온도와 열」 단원 영상)"
"sc5111","5-1학기 과학 「1. 지층과 화석」","영상 뺌","v7","[열의 이동] 열의 이동 Song! | https://www.youtube.com/watch?v=u5doBPQlgPg","","「지층과 화석」과 무관(옛 「온도와 열」 단원 영상)"
"sc5111","5-1학기 과학 「1. 지층과 화석」","영상 뺌","v8","[열의 이동] 온천에서 벌어진 실험 경연대회! 열의 이동 방법 파헤치 | https://www.youtube.com/watch?v=y3Ng5VhgVRA","","「지층과 화석」과 무관(옛 「온도와 열」 단원 영상)"
"sc5111","5-1학기 과학 「1. 지층과 화석」","영상 뺌","v9","[열의 이동] 열의 이동 방법과 우리나라 온돌의 우수성 | https://www.youtube.com/watch?v=IjObIDczMkA","","「지층과 화석」과 무관(옛 「온도와 열」 단원 영상)"
"sc5111","5-1학기 과학 「1. 지층과 화석」","영상 뺌","v10","[열의 이동] 불과 열을 다스리는 기술, 온돌의 원리 | https://www.youtube.com/watch?v=7-w_qM9GolA","","「지층과 화석」과 무관(옛 「온도와 열」 단원 영상)"
"sc5111","5-1학기 과학 「1. 지층과 화석」","영상 뺌","v11","[전도] 둥근 쇠막대에서 열은 어떻게 이동할까? | https://www.youtube.com/watch?v=ydIVWP9N4RE","","「지층과 화석」과 무관(옛 「온도와 열」 단원 영상)"
"sc5111","5-1학기 과학 「1. 지층과 화석」","영상 뺌","v12","[전도] 어떤 물체에서 열의 전도가 가장 빠를까? | https://www.youtube.com/watch?v=QLMatpFL3uY","","「지층과 화석」과 무관(옛 「온도와 열」 단원 영상)"
"sc5111","5-1학기 과학 「1. 지층과 화석」","영상 뺌","v13","[대류] 따뜻한 물과 차가운 물이 만나면 어떻게 섞일까? | https://www.youtube.com/watch?v=9PnGzJwtwWQ","","「지층과 화석」과 무관(옛 「온도와 열」 단원 영상)"
"sc5111","5-1학기 과학 「1. 지층과 화석」","영상 뺌","v14","[대류] 냉기는 정말 위에서 아래로 흐를까? | https://www.youtube.com/watch?v=xFUwDmbOysg","","「지층과 화석」과 무관(옛 「온도와 열」 단원 영상)"
"sc5111","5-1학기 과학 「1. 지층과 화석」","영상 뺌","v15","[대류] 눈으로 보는 뜨거운 공기의 흐름 | https://www.youtube.com/watch?v=347qWTc1HF8","","「지층과 화석」과 무관(옛 「온도와 열」 단원 영상)"
"sc5111","5-1학기 과학 「1. 지층과 화석」","영상 뺌","v16","[대류] 차가운 물과 뜨거운 물의 신비 '물의 대류' | https://www.youtube.com/watch?v=3jM8_tgIpUk","","「지층과 화석」과 무관(옛 「온도와 열」 단원 영상)"
"sc5111","5-1학기 과학 「1. 지층과 화석」","영상 뺌","v21","[대류] 물은 어떻게 따뜻해질까? | https://www.youtube.com/watch?v=8Tc2atSe1Ow","","「지층과 화석」과 무관(옛 「온도와 열」 단원 영상)"
"sc5111","5-1학기 과학 「1. 지층과 화석」","영상 뺌","v17","[단열] 건물의 열손실을 최소화하는 최고의 재료는 '공기'? | https://www.youtube.com/watch?v=kuu4GhDoggM","","「지층과 화석」과 무관(옛 「온도와 열」 단원 영상)"
"sc5111","5-1학기 과학 「1. 지층과 화석」","영상 뺌","v18","[단열] 보온병이 따뜻함을 유지하는 이유는 무엇일까? | https://www.youtube.com/watch?v=xk6Uje7jugs","","「지층과 화석」과 무관(옛 「온도와 열」 단원 영상)"
"sc5111","5-1학기 과학 「1. 지층과 화석」","영상 뺌","v19","[단열] 한 겨울에 난방 안해도 저절로 따뜻한 에너지 절약 패시브 하우스 | https://www.youtube.com/watch?v=ovNoMFZSdlU","","「지층과 화석」과 무관(옛 「온도와 열」 단원 영상)"
"sc5111","5-1학기 과학 「1. 지층과 화석」","영상 뺌","v20","[단열] 보온병의 원리 알아보기 | https://www.youtube.com/watch?v=xKWBffG6J8s","","「지층과 화석」과 무관(옛 「온도와 열」 단원 영상)"
"sc5121","5-1학기 과학 「2. 빛의 성질」","목차 제목","v1","태양에 대한 재미있는 사실들","빛에 대한 실험은 누가 최초로 했을까?","목차 제목을 실제 영상 제목으로(옛 단원의 제목이 남아 있었음)"
"sc5121","5-1학기 과학 「2. 빛의 성질」","목차 제목","v2","생명의 어머니 태양은 도대체 어떻게 탄생된걸까?","빛은 무슨 색일까?","목차 제목을 실제 영상 제목으로(옛 단원의 제목이 남아 있었음)"
"sc5121","5-1학기 과학 「2. 빛의 성질」","목차 제목","v3","우주의 여드름, 태양의 흑점","빛은 어떻게 반사될까?","목차 제목을 실제 영상 제목으로(옛 단원의 제목이 남아 있었음)"
"sc5121","5-1학기 과학 「2. 빛의 성질」","목차 제목","v4","만약 태양계에서 행성 하나가 사라진다면?","대기 중에서 빛의 굴절이 발생하면?","목차 제목을 실제 영상 제목으로(옛 단원의 제목이 남아 있었음)"
"sc5121","5-1학기 과학 「2. 빛의 성질」","목차 제목","v5","우주는 얼마나 클까?","빛의 굴절을 이용한 마술","목차 제목을 실제 영상 제목으로(옛 단원의 제목이 남아 있었음)"
"sc5121","5-1학기 과학 「2. 빛의 성질」","목차 제목","v6","태양계의 실제 크기","물속에 있는 물체는 어떻게 보일까?","목차 제목을 실제 영상 제목으로(옛 단원의 제목이 남아 있었음)"
"sc5121","5-1학기 과학 「2. 빛의 성질」","목차 제목","v7","우주박물관에서 알아보는 태양계의 8가지 행성","프리즘을 통과한 햇빛은 어떻게 될까?","목차 제목을 실제 영상 제목으로(옛 단원의 제목이 남아 있었음)"
"sc5121","5-1학기 과학 「2. 빛의 성질」","목차 제목","v8","태양계는 무엇일까?","컵을 관통하는 동전 마술","목차 제목을 실제 영상 제목으로(옛 단원의 제목이 남아 있었음)"
"sc5121","5-1학기 과학 「2. 빛의 성질」","목차 제목","v9","배꼽 잡는 태양계 이야기","컵 그림 속의 물이 사라지는 마술","목차 제목을 실제 영상 제목으로(옛 단원의 제목이 남아 있었음)"
"sc5121","5-1학기 과학 「2. 빛의 성질」","목차 제목","v10","태양계 행성의 크기는?","볼록 렌즈는 어떤 특징이 있을까?","목차 제목을 실제 영상 제목으로(옛 단원의 제목이 남아 있었음)"
"sc5121","5-1학기 과학 「2. 빛의 성질」","재생 설정","v10","유튜브에서 열기(임베드 차단)","사이트 안 재생","임베드 차단이 풀려 사이트 안에서 재생됨(YouTube API 점검 10/2)"
"sc5121","5-1학기 과학 「2. 빛의 성질」","목차 제목","v13","우주에 이렇게 많은 별들이 있다?","사진기의 역사와 원리","목차 제목을 실제 영상 제목으로(옛 단원의 제목이 남아 있었음)"
"sc5121","5-1학기 과학 「2. 빛의 성질」","목차 제목","v11","그리면서 알아보는 태양계 행성!","빛이 볼록 렌즈를 통과하면 어떻게 될까?","목차 제목을 실제 영상 제목으로(옛 단원의 제목이 남아 있었음)"
"sc5121","5-1학기 과학 「2. 빛의 성질」","목차 제목","v14","지구는 왜 별이 아닌가요?","과학 실험으로 알아보는 볼록 렌즈","목차 제목을 실제 영상 제목으로(옛 단원의 제목이 남아 있었음)"
"sc5121","5-1학기 과학 「2. 빛의 성질」","목차 제목","v12","만들면서 알아보는 태양계 행성!","현미경의 역사와 원리","목차 제목을 실제 영상 제목으로(옛 단원의 제목이 남아 있었음)"
"sc5121","5-1학기 과학 「2. 빛의 성질」","목차 제목","v15","별은 무엇일까?","1미터 초거대 돋보기로 햇빛을 모으면?","목차 제목을 실제 영상 제목으로(옛 단원의 제목이 남아 있었음)"
"sc5121","5-1학기 과학 「2. 빛의 성질」","목차 제목","v17","별자리의 종류와 유래","무지개는 어떻게 만들어질까?","목차 제목을 실제 영상 제목으로(옛 단원의 제목이 남아 있었음)"
"sc5121","5-1학기 과학 「2. 빛의 성질」","목차 제목","v16","밤하늘에 밝게 빛나는 건 별일까? 인공위성일까?","빛의 3가지 성질","목차 제목을 실제 영상 제목으로(옛 단원의 제목이 남아 있었음)"
"sc5131","5-1학기 과학 「3. 용해와 용액」","영상 뺌","v4","[용질] 어휘랑! 교과서 한자어를 찾아라! 용질, 용매, 용해 | https://www.youtube.com/watch?v=APdn0LrnBT8","","v1과 같은 영상(중복)"
"sc5211","5-2학기 과학 「1. 혼합물의 분리」","용어 풀이 추가","성질","","물질이나 대상이 가진 고유한 특징이에요.","원본 시트 concept_src 탭의 풀이를 옮기고 '~이에요' 체로 맞춤 — 사이트에서 용어를 누르면 풀이가 나옴"
"sc5211","5-2학기 과학 「1. 혼합물의 분리」","용어 풀이 추가","변화","","시간이 흐르면서 모습이나 성질, 생활 방식 등이 달라지는 것이에요.","원본 시트 concept_src 탭의 풀이를 옮기고 '~이에요' 체로 맞춤 — 사이트에서 용어를 누르면 풀이가 나옴"
"sc5211","5-2학기 과학 「1. 혼합물의 분리」","용어 풀이 추가","분리","","섞여 있는 물질을 각각의 성질 차이를 이용해 나누는 과정이에요.","원본 시트 concept_src 탭의 풀이를 옮기고 '~이에요' 체로 맞춤 — 사이트에서 용어를 누르면 풀이가 나옴"
"sc5211","5-2학기 과학 「1. 혼합물의 분리」","용어 풀이 추가","입자","","물질을 이루는 매우 작은 알갱이를 나타내는 과학적 개념이에요.","원본 시트 concept_src 탭의 풀이를 옮기고 '~이에요' 체로 맞춤 — 사이트에서 용어를 누르면 풀이가 나옴"
"sc5211","5-2학기 과학 「1. 혼합물의 분리」","용어 풀이 추가","용해","","한 물질이 다른 물질에 고르게 섞여 겉으로 구별되지 않게 되는 현상이에요.","원본 시트 concept_src 탭의 풀이를 옮기고 '~이에요' 체로 맞춤 — 사이트에서 용어를 누르면 풀이가 나옴"
"sc5211","5-2학기 과학 「1. 혼합물의 분리」","용어 풀이 추가","혼합물","","두 가지 이상의 물질이 각각의 성질을 유지한 채 섞여 있는 물질이에요.","원본 시트 concept_src 탭의 풀이를 옮기고 '~이에요' 체로 맞춤 — 사이트에서 용어를 누르면 풀이가 나옴"
"sc5221","5-2학기 과학 「2. 날씨와 우리 생활」","용어 풀이 추가","시스템","","여러 요소가 서로 관련을 맺고 함께 작용하는 하나의 전체예요.","원본 시트 concept_src 탭의 풀이를 옮기고 '~이에요' 체로 맞춤 — 사이트에서 용어를 누르면 풀이가 나옴"
"sc5221","5-2학기 과학 「2. 날씨와 우리 생활」","용어 풀이 추가","상호 작용","","둘 이상의 대상이 서로 영향을 주고받는 관계예요.","원본 시트 concept_src 탭의 풀이를 옮기고 '~이에요' 체로 맞춤 — 사이트에서 용어를 누르면 풀이가 나옴"
"sc5221","5-2학기 과학 「2. 날씨와 우리 생활」","용어 풀이 추가","날씨","","어느 곳에서 짧은 기간 동안 나타나는 기온, 바람, 구름, 비 등의 대기 상태예요.","원본 시트 concept_src 탭의 풀이를 옮기고 '~이에요' 체로 맞춤 — 사이트에서 용어를 누르면 풀이가 나옴"
"sc5221","5-2학기 과학 「2. 날씨와 우리 생활」","용어 풀이 추가","이슬","","공기 중 수증기가 차가운 물체 표면에서 작은 물방울로 맺힌 것이에요.","원본 시트 concept_src 탭의 풀이를 옮기고 '~이에요' 체로 맞춤 — 사이트에서 용어를 누르면 풀이가 나옴"
"sc5221","5-2학기 과학 「2. 날씨와 우리 생활」","용어 풀이 추가","안개","","지표면 가까이의 공기 중에 작은 물방울이 떠 있어 앞이 잘 보이지 않는 현상이에요.","원본 시트 concept_src 탭의 풀이를 옮기고 '~이에요' 체로 맞춤 — 사이트에서 용어를 누르면 풀이가 나옴"
"sc5221","5-2학기 과학 「2. 날씨와 우리 생활」","용어 풀이 추가","구름","","공기 중 수증기가 응결해 생긴 작은 물방울이나 얼음 알갱이가 하늘에 떠 있는 것이에요.","원본 시트 concept_src 탭의 풀이를 옮기고 '~이에요' 체로 맞춤 — 사이트에서 용어를 누르면 풀이가 나옴"
"sc5221","5-2학기 과학 「2. 날씨와 우리 생활」","용어 풀이 추가","고기압","","주변보다 기압이 높은 곳으로, 대체로 공기가 내려오며 맑은 날씨가 나타나요.","원본 시트 concept_src 탭의 풀이를 옮기고 '~이에요' 체로 맞춤 — 사이트에서 용어를 누르면 풀이가 나옴"
"sc5221","5-2학기 과학 「2. 날씨와 우리 생활」","용어 풀이 추가","저기압","","주변보다 기압이 낮은 곳으로, 대체로 공기가 올라가며 흐리거나 비가 오는 날씨가 나타나요.","원본 시트 concept_src 탭의 풀이를 옮기고 '~이에요' 체로 맞춤 — 사이트에서 용어를 누르면 풀이가 나옴"
"sc5221","5-2학기 과학 「2. 날씨와 우리 생활」","용어 풀이 추가","순환","","물질이나 에너지가 일정한 과정에 따라 되풀이하여 이동하는 것이에요.","원본 시트 concept_src 탭의 풀이를 옮기고 '~이에요' 체로 맞춤 — 사이트에서 용어를 누르면 풀이가 나옴"
"sc5231","5-2학기 과학 「3. 열과 우리 생활」","용어 풀이 추가","성질","","물질이나 대상이 가진 고유한 특징이에요.","원본 시트 concept_src 탭의 풀이를 옮기고 '~이에요' 체로 맞춤 — 사이트에서 용어를 누르면 풀이가 나옴"
"sc5231","5-2학기 과학 「3. 열과 우리 생활」","용어 풀이 추가","변화","","시간이 흐르면서 모습이나 성질, 생활 방식 등이 달라지는 것이에요.","원본 시트 concept_src 탭의 풀이를 옮기고 '~이에요' 체로 맞춤 — 사이트에서 용어를 누르면 풀이가 나옴"
"sc5231","5-2학기 과학 「3. 열과 우리 생활」","용어 풀이 추가","온도","","물체의 따뜻하거나 차가운 정도를 수치로 나타낸 것이에요.","원본 시트 concept_src 탭의 풀이를 옮기고 '~이에요' 체로 맞춤 — 사이트에서 용어를 누르면 풀이가 나옴"
"sc5231","5-2학기 과학 「3. 열과 우리 생활」","용어 풀이 추가","열의 이동","","열이 온도가 높은 곳에서 낮은 곳으로 옮겨 가는 현상이에요.","원본 시트 concept_src 탭의 풀이를 옮기고 '~이에요' 체로 맞춤 — 사이트에서 용어를 누르면 풀이가 나옴"
"sc5231","5-2학기 과학 「3. 열과 우리 생활」","용어 풀이 추가","단열","","열이 이동하는 것을 줄이거나 막는 것이에요.","원본 시트 concept_src 탭의 풀이를 옮기고 '~이에요' 체로 맞춤 — 사이트에서 용어를 누르면 풀이가 나옴"
"sc5231","5-2학기 과학 「3. 열과 우리 생활」","용어 풀이 추가","보존","","물질이나 에너지, 자원 등을 잃지 않도록 지키거나 유지하는 것이에요.","원본 시트 concept_src 탭의 풀이를 옮기고 '~이에요' 체로 맞춤 — 사이트에서 용어를 누르면 풀이가 나옴"
"sc5241","5-2학기 과학 「4. 자원과 에너지」","용어 풀이 추가","관계","","둘 이상의 대상이 서로 연결되어 영향을 주고받는 상태예요.","원본 시트 concept_src 탭의 풀이를 옮기고 '~이에요' 체로 맞춤 — 사이트에서 용어를 누르면 풀이가 나옴"
"sc5241","5-2학기 과학 「4. 자원과 에너지」","용어 풀이 추가","상호작용","","둘 이상의 대상이 서로 영향을 주고받는 관계예요.","원본 시트 concept_src 탭의 풀이를 옮기고 '~이에요' 체로 맞춤 — 사이트에서 용어를 누르면 풀이가 나옴"
"sc5241","5-2학기 과학 「4. 자원과 에너지」","용어 풀이 추가","자원","","사람의 생활과 생산 활동에 쓸모 있게 이용되는 자연물이나 기술, 지식 등이에요.","원본 시트 concept_src 탭의 풀이를 옮기고 '~이에요' 체로 맞춤 — 사이트에서 용어를 누르면 풀이가 나옴"
"sc5241","5-2학기 과학 「4. 자원과 에너지」","용어 풀이 추가","에너지","","물체를 움직이거나 상태를 변화시키는 능력이에요.","원본 시트 concept_src 탭의 풀이를 옮기고 '~이에요' 체로 맞춤 — 사이트에서 용어를 누르면 풀이가 나옴"
"sc5241","5-2학기 과학 「4. 자원과 에너지」","용어 풀이 추가","재생에너지","","햇빛, 바람, 물처럼 자연에서 계속 얻어 다시 사용할 수 있는 에너지예요.","원본 시트 concept_src 탭의 풀이를 옮기고 '~이에요' 체로 맞춤 — 사이트에서 용어를 누르면 풀이가 나옴"
"sc5241","5-2학기 과학 「4. 자원과 에너지」","용어 풀이 추가","지속 가능성","","현재의 필요를 채우면서도 미래 세대가 살아갈 환경과 자원을 지킬 수 있는 성질이에요.","원본 시트 concept_src 탭의 풀이를 옮기고 '~이에요' 체로 맞춤 — 사이트에서 용어를 누르면 풀이가 나옴"
"sc5241","5-2학기 과학 「4. 자원과 에너지」","용어 풀이 추가","유한성","","자원의 양이 한정되어 있어 끝없이 사용할 수 없는 성질이에요.","원본 시트 concept_src 탭의 풀이를 옮기고 '~이에요' 체로 맞춤 — 사이트에서 용어를 누르면 풀이가 나옴"
"sc6131","6-1학기 과학 「3. 식물의 구조와 기능」","영상 뺌","v15","[여러가지 식물] 식물들은 살아남기 위해 어떤 전략을 가지고 있을까? | https://www.youtube.com/watch?v=ooOC2uzITpo","","주소가 v16(파리지옥)과 같고, 제목에 맞는 영상을 알 수 없음"
"sc6211","6-2학기 과학 「1. 계절의 변화」","용어 풀이 추가","변화","","시간이 흐르면서 모습이나 성질, 생활 방식 등이 달라지는 것이에요.","원본 시트 concept_src 탭의 풀이를 옮기고 '~이에요' 체로 맞춤 — 사이트에서 용어를 누르면 풀이가 나옴"
"sc6211","6-2학기 과학 「1. 계절의 변화」","용어 풀이 추가","시스템","","여러 요소가 서로 관련을 맺고 함께 작용하는 하나의 전체예요.","원본 시트 concept_src 탭의 풀이를 옮기고 '~이에요' 체로 맞춤 — 사이트에서 용어를 누르면 풀이가 나옴"
"sc6211","6-2학기 과학 「1. 계절의 변화」","용어 풀이 추가","태양","","지구에 빛과 열을 보내 생명과 날씨, 계절 변화에 영향을 주는 별이에요.","원본 시트 concept_src 탭의 풀이를 옮기고 '~이에요' 체로 맞춤 — 사이트에서 용어를 누르면 풀이가 나옴"
"sc6211","6-2학기 과학 「1. 계절의 변화」","용어 풀이 추가","고도","","지평선을 기준으로 천체가 얼마나 높이 떠 있는지를 각도로 나타낸 값이에요.","원본 시트 concept_src 탭의 풀이를 옮기고 '~이에요' 체로 맞춤 — 사이트에서 용어를 누르면 풀이가 나옴"
"sc6211","6-2학기 과학 「1. 계절의 변화」","용어 풀이 추가","계절","","한 해 동안 기온과 낮의 길이 등이 비슷하게 되풀이되는 시기예요.","원본 시트 concept_src 탭의 풀이를 옮기고 '~이에요' 체로 맞춤 — 사이트에서 용어를 누르면 풀이가 나옴"
"sc6211","6-2학기 과학 「1. 계절의 변화」","용어 풀이 추가","그림자","","빛이 물체에 막혀 빛이 닿지 않는 곳에 생기는 어두운 부분이에요.","원본 시트 concept_src 탭의 풀이를 옮기고 '~이에요' 체로 맞춤 — 사이트에서 용어를 누르면 풀이가 나옴"
"sc6211","6-2학기 과학 「1. 계절의 변화」","용어 풀이 추가","기온","","공기의 차고 따뜻한 정도를 온도로 나타낸 것이에요.","원본 시트 concept_src 탭의 풀이를 옮기고 '~이에요' 체로 맞춤 — 사이트에서 용어를 누르면 풀이가 나옴"
"sc6211","6-2학기 과학 「1. 계절의 변화」","용어 풀이 추가","낮","","태양이 떠 있어 지표면이 밝은 시간이에요.","원본 시트 concept_src 탭의 풀이를 옮기고 '~이에요' 체로 맞춤 — 사이트에서 용어를 누르면 풀이가 나옴"
"sc6211","6-2학기 과학 「1. 계절의 변화」","용어 풀이 추가","밤","","태양이 지평선 아래에 있어 어두운 시간이에요.","원본 시트 concept_src 탭의 풀이를 옮기고 '~이에요' 체로 맞춤 — 사이트에서 용어를 누르면 풀이가 나옴"
"sc6211","6-2학기 과학 「1. 계절의 변화」","용어 풀이 추가","공전","","지구가 태양 주위를 일정한 궤도로 도는 운동이에요.","원본 시트 concept_src 탭의 풀이를 옮기고 '~이에요' 체로 맞춤 — 사이트에서 용어를 누르면 풀이가 나옴"
"sc6221","6-2학기 과학 「2. 물질의 연소」","용어 풀이 추가","성질","","물질이나 대상이 가진 고유한 특징이에요.","원본 시트 concept_src 탭의 풀이를 옮기고 '~이에요' 체로 맞춤 — 사이트에서 용어를 누르면 풀이가 나옴"
"sc6221","6-2학기 과학 「2. 물질의 연소」","용어 풀이 추가","상호 작용","","둘 이상의 대상이 서로 영향을 주고받는 관계예요.","원본 시트 concept_src 탭의 풀이를 옮기고 '~이에요' 체로 맞춤 — 사이트에서 용어를 누르면 풀이가 나옴"
"sc6221","6-2학기 과학 「2. 물질의 연소」","용어 풀이 추가","물질","","공간을 차지하고 질량을 가지며 물체를 이루는 재료예요.","원본 시트 concept_src 탭의 풀이를 옮기고 '~이에요' 체로 맞춤 — 사이트에서 용어를 누르면 풀이가 나옴"
"sc6221","6-2학기 과학 「2. 물질의 연소」","용어 풀이 추가","연소","","물질이 산소와 빠르게 반응하며 빛과 열을 내는 현상이에요.","원본 시트 concept_src 탭의 풀이를 옮기고 '~이에요' 체로 맞춤 — 사이트에서 용어를 누르면 풀이가 나옴"
"sc6221","6-2학기 과학 「2. 물질의 연소」","용어 풀이 추가","소화","","연소의 조건 가운데 하나 이상을 없애 불을 끄는 것이에요.","원본 시트 concept_src 탭의 풀이를 옮기고 '~이에요' 체로 맞춤 — 사이트에서 용어를 누르면 풀이가 나옴"
"sc6221","6-2학기 과학 「2. 물질의 연소」","용어 풀이 추가","조건","","어떤 현상이 일어나기 위해 갖추어야 하는 요소나 상태예요.","원본 시트 concept_src 탭의 풀이를 옮기고 '~이에요' 체로 맞춤 — 사이트에서 용어를 누르면 풀이가 나옴"
"sc6221","6-2학기 과학 「2. 물질의 연소」","용어 풀이 추가","생성물","","화학 변화가 일어난 뒤 새롭게 만들어진 물질이에요.","원본 시트 concept_src 탭의 풀이를 옮기고 '~이에요' 체로 맞춤 — 사이트에서 용어를 누르면 풀이가 나옴"
"sc6231","6-2학기 과학 「3. 전기의 이용」","용어 풀이 추가","시스템","","여러 요소가 서로 관련을 맺고 함께 작용하는 하나의 전체예요.","원본 시트 concept_src 탭의 풀이를 옮기고 '~이에요' 체로 맞춤 — 사이트에서 용어를 누르면 풀이가 나옴"
"sc6231","6-2학기 과학 「3. 전기의 이용」","용어 풀이 추가","기능","","어떤 대상이나 부분이 맡아 하는 역할이나 작용이에요.","원본 시트 concept_src 탭의 풀이를 옮기고 '~이에요' 체로 맞춤 — 사이트에서 용어를 누르면 풀이가 나옴"
"sc6231","6-2학기 과학 「3. 전기의 이용」","용어 풀이 추가","전지","","화학 에너지를 전기 에너지로 바꾸어 전류가 흐르게 하는 장치예요.","원본 시트 concept_src 탭의 풀이를 옮기고 '~이에요' 체로 맞춤 — 사이트에서 용어를 누르면 풀이가 나옴"
"sc6231","6-2학기 과학 「3. 전기의 이용」","용어 풀이 추가","전구","","전류가 흐를 때 빛을 내도록 만든 전기 기구예요.","원본 시트 concept_src 탭의 풀이를 옮기고 '~이에요' 체로 맞춤 — 사이트에서 용어를 누르면 풀이가 나옴"
"sc6231","6-2학기 과학 「3. 전기의 이용」","용어 풀이 추가","전선","","전류가 흐를 수 있도록 금속 도선과 겉을 감싼 물질로 만든 선이에요.","원본 시트 concept_src 탭의 풀이를 옮기고 '~이에요' 체로 맞춤 — 사이트에서 용어를 누르면 풀이가 나옴"
"sc6231","6-2학기 과학 「3. 전기의 이용」","용어 풀이 추가","전기회로","","전지, 전구, 전선 등을 연결해 전류가 흐를 수 있게 만든 길이에요.","원본 시트 concept_src 탭의 풀이를 옮기고 '~이에요' 체로 맞춤 — 사이트에서 용어를 누르면 풀이가 나옴"
"sc6231","6-2학기 과학 「3. 전기의 이용」","용어 풀이 추가","전자석","","전류가 흐를 때 자석의 성질을 나타내도록 만든 장치예요.","원본 시트 concept_src 탭의 풀이를 옮기고 '~이에요' 체로 맞춤 — 사이트에서 용어를 누르면 풀이가 나옴"
"sc6231","6-2학기 과학 「3. 전기의 이용」","용어 풀이 추가","전기","","전하의 움직임과 관련하여 빛, 열, 운동 등을 만들어 내는 에너지예요.","원본 시트 concept_src 탭의 풀이를 옮기고 '~이에요' 체로 맞춤 — 사이트에서 용어를 누르면 풀이가 나옴"
"sc6241","6-2학기 과학 「4. 과학과 나의 진로」","용어 풀이 추가","기능","","어떤 대상이나 부분이 맡아 하는 역할이나 작용이에요.","원본 시트 concept_src 탭의 풀이를 옮기고 '~이에요' 체로 맞춤 — 사이트에서 용어를 누르면 풀이가 나옴"
"sc6241","6-2학기 과학 「4. 과학과 나의 진로」","용어 풀이 추가","상호작용","","둘 이상의 대상이 서로 영향을 주고받는 관계예요.","원본 시트 concept_src 탭의 풀이를 옮기고 '~이에요' 체로 맞춤 — 사이트에서 용어를 누르면 풀이가 나옴"
"sc6241","6-2학기 과학 「4. 과학과 나의 진로」","용어 풀이 추가","미래사회","","과학기술과 환경, 인구 등의 변화로 앞으로 나타날 사회의 모습이에요.","원본 시트 concept_src 탭의 풀이를 옮기고 '~이에요' 체로 맞춤 — 사이트에서 용어를 누르면 풀이가 나옴"
"sc6241","6-2학기 과학 「4. 과학과 나의 진로」","용어 풀이 추가","문제","","해결하거나 개선하기 위해 원인과 방법을 찾아야 하는 상황이에요.","원본 시트 concept_src 탭의 풀이를 옮기고 '~이에요' 체로 맞춤 — 사이트에서 용어를 누르면 풀이가 나옴"
"sc6241","6-2학기 과학 「4. 과학과 나의 진로」","용어 풀이 추가","과학","","관찰과 실험, 논리적인 추론으로 자연 현상을 이해하는 활동과 지식이에요.","원본 시트 concept_src 탭의 풀이를 옮기고 '~이에요' 체로 맞춤 — 사이트에서 용어를 누르면 풀이가 나옴"
"sc6241","6-2학기 과학 「4. 과학과 나의 진로」","용어 풀이 추가","진로","","자신의 흥미와 능력, 가치에 따라 앞으로 선택하고 발전시켜 갈 삶과 일의 방향이에요.","원본 시트 concept_src 탭의 풀이를 옮기고 '~이에요' 체로 맞춤 — 사이트에서 용어를 누르면 풀이가 나옴"
"so3111","3-1학기 사회 「1-1. 우리 주변의 여러 장소」","성취기준","[4사01-01]","[4사01–01] 주변 여러 장소에서의 경험과 느낌을 다양한 방식으로 표현하고, 장소감을 나누며 서로 존중하는 태도를 지닌다.","[4사01-01] 주변 여러 장소에서의 경험과 느낌을 다양한 방식으로 표현하고, 장소감을 나누며 서로 존중하는 태도를 지닌다.","코드의 긴 줄표(–)를 하이픈(-)으로"
"so3112","3-1학기 사회 「1-2. 살기 좋은 우리 지역」","성취기준","[4사01-02]","[4사01–02] 주변의 여러 장소를 살펴보고, 우리가 사는 곳을 더 살기 좋은 곳으로 만드는 방안을 탐색한다.","[4사01-02] 주변의 여러 장소를 살펴보고, 우리가 사는 곳을 더 살기 좋은 곳으로 만드는 방안을 탐색한다.","코드의 긴 줄표(–)를 하이픈(-)으로"
"so3122","3-1학기 사회 「2-2. 물건과 자료로 살펴보는 과거」","목차 제목","v4","아빠, 바나나 우유 하나만"""" 1970~90년대 목욕탕 모습","""아빠, 바나나 우유 하나만"" 1970~90년대 목욕탕 모습","제목의 따옴표 표기 정리"
"so3123","3-1학기 사회 「2-3. 역사 자료로 본 지역의 달라진 생활 모습」","영상 주소","v39","과거 수성구의 모습은 지금과 얼마나 다를까? | https://www.youtube.com/watch?v=LB5odiJA3M4","과거 수성구의 모습은 지금과 얼마나 다를까? | https://www.youtube.com/watch?v=KksogX2HRp8","월성동 편 주소가 잘못 들어가 있던 것을 같은 시리즈(대구MBC 「원스어펀어타임 인 대구」)의 수성구 편으로"
"so4131","4-1학기 사회 「3-1. 경제활동과 합리적 선택」","핵심 용어","선택","경제활동","선택","같은 용어가 두 번 있었음 — 풀이가 '선택'을 설명하므로 용어 이름을 바로잡음"
"so4132","4-1학기 사회 「3-2. 지역 간 교류와 상호 의존」","성취기준","[4사07-02]","[4사07-02] 생산과 소비 활동을 파악하고, 인적⋅물적 교류의 사례를 통해 각 지역 및 사람들이 상호의존 관계를 맺고 있음을 탐색한다.","[4사07-02] 생산과 소비 활동을 파악하고, 인적·물적 교류의 사례를 통해 각 지역 및 사람들이 상호의존 관계를 맺고 있음을 탐색한다.","2022 교육과정 원문 표기 그대로(가운뎃점·마침표·띄어쓰기)"
"so5121","5-1학기 사회 「2-1. 우리나라의 계절별 기후와 기후변화」","단계","stages","인구분포, 인구구조, 도시발달, 산업구조, 교통발달","(없음)","영상을 옮기거나 뺀 결과 — 기후 영상은 당분간 비워 둠(운영자 결정)"
"so5121","5-1학기 사회 「2-1. 우리나라의 계절별 기후와 기후변화」","영상 옮김","v1","so5121/v1 [인구분포] 우리나라의 인구분포는 어떻게 변화했을까?","so5122/v20 「2-2. 우리나라의 인구 분포」","2015 교육과정 단원 영상이 남아 있던 것을 2022 단원으로 옮김"
"so5121","5-1학기 사회 「2-1. 우리나라의 계절별 기후와 기후변화」","영상 옮김","v2","so5121/v2 [인구분포] 수도권에 인구가 집중되는 이유는 무엇일까?","so5122/v21 「2-2. 우리나라의 인구 분포」","2015 교육과정 단원 영상이 남아 있던 것을 2022 단원으로 옮김"
"so5121","5-1학기 사회 「2-1. 우리나라의 계절별 기후와 기후변화」","영상 옮김","v3","so5121/v3 [인구분포] 대한민국의 인구가 100명이라면?","so5122/v22 「2-2. 우리나라의 인구 분포」","2015 교육과정 단원 영상이 남아 있던 것을 2022 단원으로 옮김"
"so5121","5-1학기 사회 「2-1. 우리나라의 계절별 기후와 기후변화」","영상 옮김","v4","so5121/v4 [인구분포] 지방소멸시대를 이겨내기 위한 방법은 무엇일까?","so5122/v23 「2-2. 우리나라의 인구 분포」","2015 교육과정 단원 영상이 남아 있던 것을 2022 단원으로 옮김"
"so5121","5-1학기 사회 「2-1. 우리나라의 계절별 기후와 기후변화」","영상 옮김","v5","so5121/v5 [인구구조] 우리나라의 인구는 앞으로 어떻게 변화할까?","so5122/v24 「2-2. 우리나라의 인구 분포」","2015 교육과정 단원 영상이 남아 있던 것을 2022 단원으로 옮김"
"so5121","5-1학기 사회 「2-1. 우리나라의 계절별 기후와 기후변화」","영상 옮김","v6","so5121/v6 [인구구조] 우리나라의 인구구조는 어떻게 변화했을까?","so5122/v25 「2-2. 우리나라의 인구 분포」","2015 교육과정 단원 영상이 남아 있던 것을 2022 단원으로 옮김"
"so5121","5-1학기 사회 「2-1. 우리나라의 계절별 기후와 기후변화」","영상 옮김","v7","so5121/v7 [도시발달] 도시별 인구 수는 어떻게 변화해왔을까?","so5122/v26 「2-2. 우리나라의 인구 분포」","2015 교육과정 단원 영상이 남아 있던 것을 2022 단원으로 옮김"
"so5121","5-1학기 사회 「2-1. 우리나라의 계절별 기후와 기후변화」","영상 옮김","v8","so5121/v8 [도시발달] 서울의 도시 개발 역사는?","so5122/v27 「2-2. 우리나라의 인구 분포」","2015 교육과정 단원 영상이 남아 있던 것을 2022 단원으로 옮김"
"so5121","5-1학기 사회 「2-1. 우리나라의 계절별 기후와 기후변화」","영상 옮김","v9","so5121/v9 [도시발달] 1960-1970년대 도시의 모습은 어땠을까?","so5122/v28 「2-2. 우리나라의 인구 분포」","2015 교육과정 단원 영상이 남아 있던 것을 2022 단원으로 옮김"
"so5121","5-1학기 사회 「2-1. 우리나라의 계절별 기후와 기후변화」","영상 옮김","v10","so5121/v10 [도시발달] 세종시는 어떻게 변화해왔을까?","so5122/v29 「2-2. 우리나라의 인구 분포」","2015 교육과정 단원 영상이 남아 있던 것을 2022 단원으로 옮김"
"so5121","5-1학기 사회 「2-1. 우리나라의 계절별 기후와 기후변화」","영상 뺌","v11","[산업구조] 가발 산업으로 발생한 머리카락 수난시대 | https://www.youtube.com/watch?v=v71G39yFFKg","","2022 「인구 분포」 성취기준 밖(옛 '국토의 인문환경' 단원 영상) — 운영자 결정으로 뺀 상태 유지"
"so5121","5-1학기 사회 「2-1. 우리나라의 계절별 기후와 기후변화」","영상 뺌","v12","[산업구조] 1960년대 우리나라의 생활 모습은 어땠을까? | https://www.youtube.com/watch?v=08LH5lEK4aQ","","2022 「인구 분포」 성취기준 밖(옛 '국토의 인문환경' 단원 영상) — 운영자 결정으로 뺀 상태 유지"
"so5121","5-1학기 사회 「2-1. 우리나라의 계절별 기후와 기후변화」","영상 뺌","v13","[산업구조] 1970년대 우리나라의 생활 모습은 어땠을까? | https://www.youtube.com/watch?v=r2rX6Cciqgg","","2022 「인구 분포」 성취기준 밖(옛 '국토의 인문환경' 단원 영상) — 운영자 결정으로 뺀 상태 유지"
"so5121","5-1학기 사회 「2-1. 우리나라의 계절별 기후와 기후변화」","영상 뺌","v14","[산업구조] 우리나라 자동차의 역사는? | https://www.youtube.com/watch?v=ABzDNY1Wciw","","2022 「인구 분포」 성취기준 밖(옛 '국토의 인문환경' 단원 영상) — 운영자 결정으로 뺀 상태 유지"
"so5121","5-1학기 사회 「2-1. 우리나라의 계절별 기후와 기후변화」","영상 뺌","v15","[산업구조] 서비스업이 왜 발달하게 되었을까? | https://www.youtube.com/watch?v=ysWcFJEJRhU","","2022 「인구 분포」 성취기준 밖(옛 '국토의 인문환경' 단원 영상) — 운영자 결정으로 뺀 상태 유지"
"so5121","5-1학기 사회 「2-1. 우리나라의 계절별 기후와 기후변화」","영상 뺌","v16","[산업구조] 호남공업지역에서는 어떤 일을 할까? | https://www.youtube.com/watch?v=dmToFBKp8KU","","2022 「인구 분포」 성취기준 밖(옛 '국토의 인문환경' 단원 영상) — 운영자 결정으로 뺀 상태 유지"
"so5121","5-1학기 사회 「2-1. 우리나라의 계절별 기후와 기후변화」","영상 뺌","v17","[산업구조] 남동임해공업지역에서는 어떤 일을 할까? | https://www.youtube.com/watch?v=uAYz9xs29tc","","2022 「인구 분포」 성취기준 밖(옛 '국토의 인문환경' 단원 영상) — 운영자 결정으로 뺀 상태 유지"
"so5121","5-1학기 사회 「2-1. 우리나라의 계절별 기후와 기후변화」","영상 뺌","v18","[산업구조] 대한민국 10대 효자품목은 무엇일까? | https://www.youtube.com/watch?v=mLza2cCleQE","","2022 「인구 분포」 성취기준 밖(옛 '국토의 인문환경' 단원 영상) — 운영자 결정으로 뺀 상태 유지"
"so5121","5-1학기 사회 「2-1. 우리나라의 계절별 기후와 기후변화」","영상 뺌","v19","[교통발달] 지도로 보는 대한민국 고속도로의 역사 | https://www.youtube.com/watch?v=CH792aKQtl0","","2022 「인구 분포」 성취기준 밖(옛 '국토의 인문환경' 단원 영상) — 운영자 결정으로 뺀 상태 유지"
"so5121","5-1학기 사회 「2-1. 우리나라의 계절별 기후와 기후변화」","영상 뺌","v20","[교통발달] 지도로 보는 대한민국 철도의 역사 | https://www.youtube.com/watch?v=jzBctjSLOXg","","2022 「인구 분포」 성취기준 밖(옛 '국토의 인문환경' 단원 영상) — 운영자 결정으로 뺀 상태 유지"
"so5121","5-1학기 사회 「2-1. 우리나라의 계절별 기후와 기후변화」","영상 뺌","v21","[교통발달] 고속철도 KTX의 첫 등장은 어땠을까? | https://www.youtube.com/watch?v=WegcYVV0X10","","2022 「인구 분포」 성취기준 밖(옛 '국토의 인문환경' 단원 영상) — 운영자 결정으로 뺀 상태 유지"
"so5121","5-1학기 사회 「2-1. 우리나라의 계절별 기후와 기후변화」","영상 뺌","v22","[교통발달] 교통이 발달되기 전 우리나라의 모습은 어땠을까? | https://www.youtube.com/watch?v=orJSKblaHxM","","2022 「인구 분포」 성취기준 밖(옛 '국토의 인문환경' 단원 영상) — 운영자 결정으로 뺀 상태 유지"
"so5122","5-1학기 사회 「2-2. 우리나라의 인구 분포」","단계","stages","인권, 인권신장, 인권침해, 인권보호","인구분포, 인구구조, 도시발달","영상을 옮기거나 뺀 결과"
"so5122","5-1학기 사회 「2-2. 우리나라의 인구 분포」","영상 옮김","v1","so5122/v1 [인권] 지하철에 낮은 손잡이가 설치되는 이유는 무엇일까?","so5131/v22 「3-1. 함께 지키는 인권」","2015 교육과정 단원 영상이 남아 있던 것을 2022 단원으로 옮김"
"so5122","5-1학기 사회 「2-2. 우리나라의 인구 분포」","영상 옮김","v2","so5122/v2 [인권] 우리는 어떤 권리를 보장받으며 살고있을까요?","so5131/v23 「3-1. 함께 지키는 인권」","2015 교육과정 단원 영상이 남아 있던 것을 2022 단원으로 옮김"
"so5122","5-1학기 사회 「2-2. 우리나라의 인구 분포」","영상 옮김","v3","so5122/v3 [인권] 어린이들에게는 어떤 권리가 보장되어야할까요?","so5131/v24 「3-1. 함께 지키는 인권」","2015 교육과정 단원 영상이 남아 있던 것을 2022 단원으로 옮김"
"so5122","5-1학기 사회 「2-2. 우리나라의 인구 분포」","영상 옮김","v4","so5122/v4 [인권신장] 홍길동전에 숨겨진 인권 이야기","so5131/v25 「3-1. 함께 지키는 인권」","2015 교육과정 단원 영상이 남아 있던 것을 2022 단원으로 옮김"
"so5122","5-1학기 사회 「2-2. 우리나라의 인구 분포」","영상 옮김","v5","so5122/v5 [인권신장] 어린이날 속에는 어떤 인권 이야기가 숨어있을까?","so5131/v26 「3-1. 함께 지키는 인권」","2015 교육과정 단원 영상이 남아 있던 것을 2022 단원으로 옮김"
"so5122","5-1학기 사회 「2-2. 우리나라의 인구 분포」","영상 옮김","v6","so5122/v6 [인권신장] 시각장애인들의 세종대왕 박두성 선생님은 어떤 사람일까?","so5131/v27 「3-1. 함께 지키는 인권」","2015 교육과정 단원 영상이 남아 있던 것을 2022 단원으로 옮김"
"so5122","5-1학기 사회 「2-2. 우리나라의 인구 분포」","영상 옮김","v7","so5122/v7 [인권신장] 시각장애인들은 어떻게 투표에 참여할까?","so5131/v28 「3-1. 함께 지키는 인권」","2015 교육과정 단원 영상이 남아 있던 것을 2022 단원으로 옮김"
"so5122","5-1학기 사회 「2-2. 우리나라의 인구 분포」","영상 옮김","v8","so5122/v8 [인권신장] 과거에도 출산휴가가 있었을까?","so5131/v29 「3-1. 함께 지키는 인권」","2015 교육과정 단원 영상이 남아 있던 것을 2022 단원으로 옮김"
"so5122","5-1학기 사회 「2-2. 우리나라의 인구 분포」","영상 옮김","v9","so5122/v9 [인권신장] 과거의 재판제도는 어땠을까?","so5131/v30 「3-1. 함께 지키는 인권」","2015 교육과정 단원 영상이 남아 있던 것을 2022 단원으로 옮김"
"so5122","5-1학기 사회 「2-2. 우리나라의 인구 분포」","영상 옮김","v10","so5122/v10 [인권침해] 평소에 보는 장애인 마크에 무슨 문제점이 있을까?","so5131/v31 「3-1. 함께 지키는 인권」","2015 교육과정 단원 영상이 남아 있던 것을 2022 단원으로 옮김"
"so5122","5-1학기 사회 「2-2. 우리나라의 인구 분포」","영상 옮김","v11","so5122/v11 [인권침해] 할아버지는 왜 취업이 안되나요?","so5131/v32 「3-1. 함께 지키는 인권」","2015 교육과정 단원 영상이 남아 있던 것을 2022 단원으로 옮김"
"so5122","5-1학기 사회 「2-2. 우리나라의 인구 분포」","영상 옮김","v12","so5122/v12 [인권침해] 초상권 침해는 왜 인권침해일까요?","so5131/v33 「3-1. 함께 지키는 인권」","2015 교육과정 단원 영상이 남아 있던 것을 2022 단원으로 옮김"
"so5122","5-1학기 사회 「2-2. 우리나라의 인구 분포」","영상 옮김","v13","so5122/v13 [인권침해] 지하철을 타고 내릴때도 인권침해가 존재할까?","so5131/v34 「3-1. 함께 지키는 인권」","2015 교육과정 단원 영상이 남아 있던 것을 2022 단원으로 옮김"
"so5122","5-1학기 사회 「2-2. 우리나라의 인구 분포」","영상 옮김","v14","so5122/v14 [인권침해] 편의점에서는 어떤 인권침해가 발생할 수 있을까?","so5131/v35 「3-1. 함께 지키는 인권」","2015 교육과정 단원 영상이 남아 있던 것을 2022 단원으로 옮김"
"so5122","5-1학기 사회 「2-2. 우리나라의 인구 분포」","영상 옮김","v15","so5122/v15 [인권침해] 장애인이 대중교통을 이용하면 어떤 불편함이 있을까?","so5131/v36 「3-1. 함께 지키는 인권」","2015 교육과정 단원 영상이 남아 있던 것을 2022 단원으로 옮김"
"so5122","5-1학기 사회 「2-2. 우리나라의 인구 분포」","영상 옮김","v16","so5122/v16 [인권침해] 유모차와 대중교통을 이용하려면 어떤 불편함이 있을까?","so5131/v37 「3-1. 함께 지키는 인권」","2015 교육과정 단원 영상이 남아 있던 것을 2022 단원으로 옮김"
"so5122","5-1학기 사회 「2-2. 우리나라의 인구 분포」","영상 옮김","v17","so5122/v17 [인권보호] 살구색은 왜 이름이 두번이나 바뀌었을까?","so5131/v38 「3-1. 함께 지키는 인권」","2015 교육과정 단원 영상이 남아 있던 것을 2022 단원으로 옮김"
"so5122","5-1학기 사회 「2-2. 우리나라의 인구 분포」","영상 옮김","v18","so5122/v18 [인권보호] 자연재해로 피해를 입은 사람들의 인권 보호를 위해 어떤 일을 할까?","so5131/v39 「3-1. 함께 지키는 인권」","2015 교육과정 단원 영상이 남아 있던 것을 2022 단원으로 옮김"
"so5122","5-1학기 사회 「2-2. 우리나라의 인구 분포」","영상 옮김","v19","so5122/v19 [인권보호] 17세에 노벨상을 탄 소녀의 인권보호 이야기","so5131/v40 「3-1. 함께 지키는 인권」","2015 교육과정 단원 영상이 남아 있던 것을 2022 단원으로 옮김"
"so5131","5-1학기 사회 「3-1. 함께 지키는 인권」","단계","stages","헌법, 기본권, 의무","인권, 인권신장, 인권침해, 인권보호","영상을 옮기거나 뺀 결과"
"so5131","5-1학기 사회 「3-1. 함께 지키는 인권」","영상 옮김","v1","so5131/v1 [헌법] 제헌절은 무슨날일까요?","so5132/v16 「3-2. 법으로 보호하는 우리 생활」","2015 교육과정 단원 영상이 남아 있던 것을 2022 단원으로 옮김"
"so5131","5-1학기 사회 「3-1. 함께 지키는 인권」","영상 옮김","v2","so5131/v2 [헌법] 헌법에는 어떤 내용이 담겨있을까요?(1)","so5132/v17 「3-2. 법으로 보호하는 우리 생활」","2015 교육과정 단원 영상이 남아 있던 것을 2022 단원으로 옮김"
"so5131","5-1학기 사회 「3-1. 함께 지키는 인권」","영상 옮김","v3","so5131/v3 [헌법] 헌법에는 어떤 내용이 담겨있을까요?(2)","so5132/v18 「3-2. 법으로 보호하는 우리 생활」","2015 교육과정 단원 영상이 남아 있던 것을 2022 단원으로 옮김"
"so5131","5-1학기 사회 「3-1. 함께 지키는 인권」","영상 옮김","v4","so5131/v4 [헌법] 다른 나라는 어떤 헌법을 갖고 있을까?","so5132/v19 「3-2. 법으로 보호하는 우리 생활」","2015 교육과정 단원 영상이 남아 있던 것을 2022 단원으로 옮김"
"so5131","5-1학기 사회 「3-1. 함께 지키는 인권」","영상 옮김","v5","so5131/v5 [헌법] 헌법과 법은 무엇이 다를까?","so5132/v20 「3-2. 법으로 보호하는 우리 생활」","2015 교육과정 단원 영상이 남아 있던 것을 2022 단원으로 옮김"
"so5131","5-1학기 사회 「3-1. 함께 지키는 인권」","영상 옮김","v6","so5131/v6 [헌법] 미란다 원칙은 헌법과 무슨 관련이 있을까?","so5132/v21 「3-2. 법으로 보호하는 우리 생활」","2015 교육과정 단원 영상이 남아 있던 것을 2022 단원으로 옮김"
"so5131","5-1학기 사회 「3-1. 함께 지키는 인권」","영상 옮김","v7","so5131/v7 [헌법] 최저시급은 헌법과 무슨 관련이 있을까?","so5132/v22 「3-2. 법으로 보호하는 우리 생활」","2015 교육과정 단원 영상이 남아 있던 것을 2022 단원으로 옮김"
"so5131","5-1학기 사회 「3-1. 함께 지키는 인권」","영상 옮김","v8","so5131/v8 [헌법] 기초연금은 헌법과 무슨 관련이 있을까?","so5132/v23 「3-2. 법으로 보호하는 우리 생활」","2015 교육과정 단원 영상이 남아 있던 것을 2022 단원으로 옮김"
"so5131","5-1학기 사회 「3-1. 함께 지키는 인권」","영상 옮김","v9","so5131/v9 [헌법] 건강보험은 헌법과 무슨 관련이 있을까?","so5132/v24 「3-2. 법으로 보호하는 우리 생활」","2015 교육과정 단원 영상이 남아 있던 것을 2022 단원으로 옮김"
"so5131","5-1학기 사회 「3-1. 함께 지키는 인권」","영상 옮김","v10","so5131/v10 [헌법] 헌법재판소는 무슨 일을 할까?","so5132/v25 「3-2. 법으로 보호하는 우리 생활」","2015 교육과정 단원 영상이 남아 있던 것을 2022 단원으로 옮김"
"so5131","5-1학기 사회 「3-1. 함께 지키는 인권」","영상 옮김","v11","so5131/v11 [기본권] 평등권을 침해한 사건은 어떤 것이 있을까?","so5132/v26 「3-2. 법으로 보호하는 우리 생활」","2015 교육과정 단원 영상이 남아 있던 것을 2022 단원으로 옮김"
"so5131","5-1학기 사회 「3-1. 함께 지키는 인권」","영상 옮김","v12","so5131/v12 [기본권] 국가가 국민의 직업을 정해준다면?","so5132/v27 「3-2. 법으로 보호하는 우리 생활」","2015 교육과정 단원 영상이 남아 있던 것을 2022 단원으로 옮김"
"so5131","5-1학기 사회 「3-1. 함께 지키는 인권」","영상 옮김","v13","so5131/v13 [기본권] 누구든지 대통령 선거에 나갈 수 있을까?","so5132/v28 「3-2. 법으로 보호하는 우리 생활」","2015 교육과정 단원 영상이 남아 있던 것을 2022 단원으로 옮김"
"so5131","5-1학기 사회 「3-1. 함께 지키는 인권」","영상 옮김","v14","so5131/v14 [기본권] 누구든지 국가에 잘못된 일에 대한 민원을 청구할 수 있을까?","so5132/v29 「3-2. 법으로 보호하는 우리 생활」","2015 교육과정 단원 영상이 남아 있던 것을 2022 단원으로 옮김"
"so5131","5-1학기 사회 「3-1. 함께 지키는 인권」","영상 옮김","v15","so5131/v15 [기본권] 아픈 아이들도 교육을 받을 수 있을까?","so5132/v30 「3-2. 법으로 보호하는 우리 생활」","2015 교육과정 단원 영상이 남아 있던 것을 2022 단원으로 옮김"
"so5131","5-1학기 사회 「3-1. 함께 지키는 인권」","영상 옮김","v16","so5131/v16 [기본권] 기본권도 제한이 될 수 있나요?","so5132/v31 「3-2. 법으로 보호하는 우리 생활」","2015 교육과정 단원 영상이 남아 있던 것을 2022 단원으로 옮김"
"so5131","5-1학기 사회 「3-1. 함께 지키는 인권」","영상 옮김","v17","so5131/v17 [의무] 초등학생 예비소집에 꼭 가야하나요?","so5132/v32 「3-2. 법으로 보호하는 우리 생활」","2015 교육과정 단원 영상이 남아 있던 것을 2022 단원으로 옮김"
"so5131","5-1학기 사회 「3-1. 함께 지키는 인권」","영상 옮김","v18","so5131/v18 [의무] 세금은 왜 내야하나요?","so5132/v33 「3-2. 법으로 보호하는 우리 생활」","2015 교육과정 단원 영상이 남아 있던 것을 2022 단원으로 옮김"
"so5131","5-1학기 사회 「3-1. 함께 지키는 인권」","영상 옮김","v19","so5131/v19 [의무] 국방의 의무를 피하는 사람들도 있나요?","so5132/v34 「3-2. 법으로 보호하는 우리 생활」","2015 교육과정 단원 영상이 남아 있던 것을 2022 단원으로 옮김"
"so5131","5-1학기 사회 「3-1. 함께 지키는 인권」","영상 옮김","v20","so5131/v20 [의무] 환경보호의무를 지키려는 사람들의 노력은?","so5132/v35 「3-2. 법으로 보호하는 우리 생활」","2015 교육과정 단원 영상이 남아 있던 것을 2022 단원으로 옮김"
"so5131","5-1학기 사회 「3-1. 함께 지키는 인권」","영상 옮김","v21","so5131/v21 [의무] 납세의 의무를 지키지 않으면 어떻게 될까요?","so5132/v36 「3-2. 법으로 보호하는 우리 생활」","2015 교육과정 단원 영상이 남아 있던 것을 2022 단원으로 옮김"
"so5132","5-1학기 사회 「3-2. 법으로 보호하는 우리 생활」","단계","stages","법, 직업, 역할, 태도","법, 직업, 역할, 태도, 헌법, 기본권, 의무","영상을 옮기거나 뺀 결과"
"so5132","5-1학기 사회 「3-2. 법으로 보호하는 우리 생활」","재생 설정","v10","유튜브에서 열기(임베드 차단)","사이트 안 재생","임베드 차단이 풀려 사이트 안에서 재생됨(YouTube API 점검 10/2)"
"so5211","5-2학기 사회 「1-1. 선사 시대와 고조선 사람들의 생활 모습」","용어 풀이 추가","공간과 장소","","사람들이 살아가고 활동하며 의미를 만들어 가는 지표면의 일정한 범위예요.","원본 시트 concept_src 탭의 풀이를 옮기고 '~이에요' 체로 맞춤 — 사이트에서 용어를 누르면 풀이가 나옴"
"so5211","5-2학기 사회 「1-1. 선사 시대와 고조선 사람들의 생활 모습」","용어 풀이 추가","변화","","시간이 흐르면서 모습이나 성질, 생활 방식 등이 달라지는 것이에요.","원본 시트 concept_src 탭의 풀이를 옮기고 '~이에요' 체로 맞춤 — 사이트에서 용어를 누르면 풀이가 나옴"
"so5211","5-2학기 사회 「1-1. 선사 시대와 고조선 사람들의 생활 모습」","용어 풀이 추가","유적과 유물","","유적은 옛사람들이 남긴 장소나 시설이고, 유물은 옛사람들이 만들거나 사용한 물건이에요.","원본 시트 concept_src 탭의 풀이를 옮기고 '~이에요' 체로 맞춤 — 사이트에서 용어를 누르면 풀이가 나옴"
"so5211","5-2학기 사회 「1-1. 선사 시대와 고조선 사람들의 생활 모습」","용어 풀이 추가","생활 모습","","사람들이 먹고 입고 사는 방법과 일하고 어울리는 방식 등 일상생활에서 드러나는 모습이에요.","원본 시트 concept_src 탭의 풀이를 옮기고 '~이에요' 체로 맞춤 — 사이트에서 용어를 누르면 풀이가 나옴"
"so5211","5-2학기 사회 「1-1. 선사 시대와 고조선 사람들의 생활 모습」","용어 풀이 추가","선사 시대","","문자가 만들어지기 전이라 유적과 유물을 통해 사람들의 생활을 알아보는 시대예요.","원본 시트 concept_src 탭의 풀이를 옮기고 '~이에요' 체로 맞춤 — 사이트에서 용어를 누르면 풀이가 나옴"
"so5211","5-2학기 사회 「1-1. 선사 시대와 고조선 사람들의 생활 모습」","용어 풀이 추가","고조선","","청동기 문화를 바탕으로 세워진 우리 역사상 최초의 국가예요.","원본 시트 concept_src 탭의 풀이를 옮기고 '~이에요' 체로 맞춤 — 사이트에서 용어를 누르면 풀이가 나옴"
"so5212","5-2학기 사회 「1-2. 고대 사람들의 생각과 생활 모습」","핵심 질문","core_question","우리는  유적·유물을 통해 고대 사람들의 생각과 생활 모습의 변화를 어떻게 추론할 수 있을까?","우리는 유적·유물을 통해 고대 사람들의 생각과 생활 모습의 변화를 어떻게 추론할 수 있을까?","이중 공백 정리"
"so5212","5-2학기 사회 「1-2. 고대 사람들의 생각과 생활 모습」","용어 풀이 추가","공간과 장소","","사람들이 살아가고 활동하며 의미를 만들어 가는 지표면의 일정한 범위예요.","원본 시트 concept_src 탭의 풀이를 옮기고 '~이에요' 체로 맞춤 — 사이트에서 용어를 누르면 풀이가 나옴"
"so5212","5-2학기 사회 「1-2. 고대 사람들의 생각과 생활 모습」","용어 풀이 추가","변화","","시간이 흐르면서 모습이나 성질, 생활 방식 등이 달라지는 것이에요.","원본 시트 concept_src 탭의 풀이를 옮기고 '~이에요' 체로 맞춤 — 사이트에서 용어를 누르면 풀이가 나옴"
"so5212","5-2학기 사회 「1-2. 고대 사람들의 생각과 생활 모습」","용어 풀이 추가","유적과 유물","","유적은 옛사람들이 남긴 장소나 시설이고, 유물은 옛사람들이 만들거나 사용한 물건이에요.","원본 시트 concept_src 탭의 풀이를 옮기고 '~이에요' 체로 맞춤 — 사이트에서 용어를 누르면 풀이가 나옴"
"so5212","5-2학기 사회 「1-2. 고대 사람들의 생각과 생활 모습」","용어 풀이 추가","생활 모습","","사람들이 먹고 입고 사는 방법과 일하고 어울리는 방식 등 일상생활에서 드러나는 모습이에요.","원본 시트 concept_src 탭의 풀이를 옮기고 '~이에요' 체로 맞춤 — 사이트에서 용어를 누르면 풀이가 나옴"
"so5212","5-2학기 사회 「1-2. 고대 사람들의 생각과 생활 모습」","용어 풀이 추가","고대","","여러 나라가 성장하며 정치와 문화의 기틀을 마련한 옛 시대예요.","원본 시트 concept_src 탭의 풀이를 옮기고 '~이에요' 체로 맞춤 — 사이트에서 용어를 누르면 풀이가 나옴"
"so5213","5-2학기 사회 「1-3. 고려 시대의 사회 모습」","성취기준","[6사04-03]","[6사04-03] 다양한 역사 자료를 활용하여 고려 시대 사회 모습과 사람들의 생활을 추론한다","[6사04-03] 다양한 역사 자료를 활용하여 고려 시대 사회 모습과 사람들의 생활을 추론한다.","2022 교육과정 원문 표기 그대로(가운뎃점·마침표·띄어쓰기)"
"so5213","5-2학기 사회 「1-3. 고려 시대의 사회 모습」","용어 풀이 추가","공간과 장소","","사람들이 살아가고 활동하며 의미를 만들어 가는 지표면의 일정한 범위예요.","원본 시트 concept_src 탭의 풀이를 옮기고 '~이에요' 체로 맞춤 — 사이트에서 용어를 누르면 풀이가 나옴"
"so5213","5-2학기 사회 「1-3. 고려 시대의 사회 모습」","용어 풀이 추가","변화","","시간이 흐르면서 모습이나 성질, 생활 방식 등이 달라지는 것이에요.","원본 시트 concept_src 탭의 풀이를 옮기고 '~이에요' 체로 맞춤 — 사이트에서 용어를 누르면 풀이가 나옴"
"so5213","5-2학기 사회 「1-3. 고려 시대의 사회 모습」","용어 풀이 추가","역사 자료","","과거의 사실과 생활 모습을 알아보는 데 도움이 되는 기록, 유물, 유적 등의 자료예요.","원본 시트 concept_src 탭의 풀이를 옮기고 '~이에요' 체로 맞춤 — 사이트에서 용어를 누르면 풀이가 나옴"
"so5213","5-2학기 사회 「1-3. 고려 시대의 사회 모습」","용어 풀이 추가","생활 모습","","사람들이 먹고 입고 사는 방법과 일하고 어울리는 방식 등 일상생활에서 드러나는 모습이에요.","원본 시트 concept_src 탭의 풀이를 옮기고 '~이에요' 체로 맞춤 — 사이트에서 용어를 누르면 풀이가 나옴"
"so5213","5-2학기 사회 「1-3. 고려 시대의 사회 모습」","용어 풀이 추가","고려 시대","","고려가 건국된 918년부터 조선이 세워진 1392년까지의 시대예요.","원본 시트 concept_src 탭의 풀이를 옮기고 '~이에요' 체로 맞춤 — 사이트에서 용어를 누르면 풀이가 나옴"
"so5213","5-2학기 사회 「1-3. 고려 시대의 사회 모습」","영상 뺌","v10","[탐구하기2] 고려 불교 문화의 특징과 대표적인 행사 | https://www.youtube.com/watch?v=PYFVq8dUjUs","","국내차단 — 한국에서 시청 불가(YouTube API 점검 10/2)"
"so5221","5-2학기 사회 「2-1. 조선 시대의 유교 문화」","용어 풀이 추가","공간과 장소","","사람들이 살아가고 활동하며 의미를 만들어 가는 지표면의 일정한 범위예요.","원본 시트 concept_src 탭의 풀이를 옮기고 '~이에요' 체로 맞춤 — 사이트에서 용어를 누르면 풀이가 나옴"
"so5221","5-2학기 사회 「2-1. 조선 시대의 유교 문화」","용어 풀이 추가","변화","","시간이 흐르면서 모습이나 성질, 생활 방식 등이 달라지는 것이에요.","원본 시트 concept_src 탭의 풀이를 옮기고 '~이에요' 체로 맞춤 — 사이트에서 용어를 누르면 풀이가 나옴"
"so5221","5-2학기 사회 「2-1. 조선 시대의 유교 문화」","용어 풀이 추가","체제","","사회가 일정한 원리와 질서에 따라 운영되는 전체적인 구조예요.","원본 시트 concept_src 탭의 풀이를 옮기고 '~이에요' 체로 맞춤 — 사이트에서 용어를 누르면 풀이가 나옴"
"so5221","5-2학기 사회 「2-1. 조선 시대의 유교 문화」","용어 풀이 추가","생활 모습","","사람들이 먹고 입고 사는 방법과 일하고 어울리는 방식 등 일상생활에서 드러나는 모습이에요.","원본 시트 concept_src 탭의 풀이를 옮기고 '~이에요' 체로 맞춤 — 사이트에서 용어를 누르면 풀이가 나옴"
"so5221","5-2학기 사회 「2-1. 조선 시대의 유교 문화」","용어 풀이 추가","유교 문화","","유교의 가르침과 예절이 정치, 가족생활, 교육 등에 영향을 준 문화예요.","원본 시트 concept_src 탭의 풀이를 옮기고 '~이에요' 체로 맞춤 — 사이트에서 용어를 누르면 풀이가 나옴"
"so5221","5-2학기 사회 「2-1. 조선 시대의 유교 문화」","용어 풀이 추가","조선 시대","","조선이 세워진 1392년부터 대한 제국이 선포된 1897년까지 이어진 시대예요.","원본 시트 concept_src 탭의 풀이를 옮기고 '~이에요' 체로 맞춤 — 사이트에서 용어를 누르면 풀이가 나옴"
"so5222","5-2학기 사회 「2-2. 조선 후기의 달라진 생활 모습」","성취기준","[6사05-02]","[6사05-02] 조선 후기 사회․문화적 변화와 개항기 근대 문물 수용 과정에서 달라진 사람들의 생활을 이해한다","[6사05-02] 조선 후기 사회·문화적 변화와 개항기 근대 문물 수용 과정에서 달라진 사람들의 생활을 이해한다.","2022 교육과정 원문 표기 그대로(가운뎃점·마침표·띄어쓰기)"
"so5222","5-2학기 사회 「2-2. 조선 후기의 달라진 생활 모습」","용어 풀이 추가","공간과 장소","","사람들이 살아가고 활동하며 의미를 만들어 가는 지표면의 일정한 범위예요.","원본 시트 concept_src 탭의 풀이를 옮기고 '~이에요' 체로 맞춤 — 사이트에서 용어를 누르면 풀이가 나옴"
"so5222","5-2학기 사회 「2-2. 조선 후기의 달라진 생활 모습」","용어 풀이 추가","변화","","시간이 흐르면서 모습이나 성질, 생활 방식 등이 달라지는 것이에요.","원본 시트 concept_src 탭의 풀이를 옮기고 '~이에요' 체로 맞춤 — 사이트에서 용어를 누르면 풀이가 나옴"
"so5222","5-2학기 사회 「2-2. 조선 후기의 달라진 생활 모습」","용어 풀이 추가","체제","","사회가 일정한 원리와 질서에 따라 운영되는 전체적인 구조예요.","원본 시트 concept_src 탭의 풀이를 옮기고 '~이에요' 체로 맞춤 — 사이트에서 용어를 누르면 풀이가 나옴"
"so5222","5-2학기 사회 「2-2. 조선 후기의 달라진 생활 모습」","용어 풀이 추가","생활 모습","","사람들이 먹고 입고 사는 방법과 일하고 어울리는 방식 등 일상생활에서 드러나는 모습이에요.","원본 시트 concept_src 탭의 풀이를 옮기고 '~이에요' 체로 맞춤 — 사이트에서 용어를 누르면 풀이가 나옴"
"so5222","5-2학기 사회 「2-2. 조선 후기의 달라진 생활 모습」","용어 풀이 추가","문화","","한 사회의 구성원이 함께 만들어 누리는 생활 방식, 지식, 예술, 가치 등을 말해요.","원본 시트 concept_src 탭의 풀이를 옮기고 '~이에요' 체로 맞춤 — 사이트에서 용어를 누르면 풀이가 나옴"
"so5222","5-2학기 사회 「2-2. 조선 후기의 달라진 생활 모습」","용어 풀이 추가","근대 문물","","개항 이후 서양과 일본 등을 통해 들어온 새로운 기술, 제도, 시설과 생활용품이에요.","원본 시트 concept_src 탭의 풀이를 옮기고 '~이에요' 체로 맞춤 — 사이트에서 용어를 누르면 풀이가 나옴"
"so5222","5-2학기 사회 「2-2. 조선 후기의 달라진 생활 모습」","용어 풀이 추가","신분제","","태어난 신분에 따라 권리와 의무, 생활 범위가 달라지던 사회 제도예요.","원본 시트 concept_src 탭의 풀이를 옮기고 '~이에요' 체로 맞춤 — 사이트에서 용어를 누르면 풀이가 나옴"
"so5222","5-2학기 사회 「2-2. 조선 후기의 달라진 생활 모습」","용어 풀이 추가","조선 시대","","조선이 세워진 1392년부터 대한 제국이 선포된 1897년까지 이어진 시대예요.","원본 시트 concept_src 탭의 풀이를 옮기고 '~이에요' 체로 맞춤 — 사이트에서 용어를 누르면 풀이가 나옴"
"so5222","5-2학기 사회 「2-2. 조선 후기의 달라진 생활 모습」","재생 설정","v07","유튜브에서 열기(임베드 차단)","사이트 안 재생","임베드 차단이 풀려 사이트 안에서 재생됨(YouTube API 점검 10/2)"
"so5222","5-2학기 사회 「2-2. 조선 후기의 달라진 생활 모습」","재생 설정","v17","유튜브에서 열기(임베드 차단)","사이트 안 재생","임베드 차단이 풀려 사이트 안에서 재생됨(YouTube API 점검 10/2)"
"so5231","5-2학기 사회 「3-1. 일제의 식민 통치와 저항」","용어 풀이 추가","공간과 장소","","사람들이 살아가고 활동하며 의미를 만들어 가는 지표면의 일정한 범위예요.","원본 시트 concept_src 탭의 풀이를 옮기고 '~이에요' 체로 맞춤 — 사이트에서 용어를 누르면 풀이가 나옴"
"so5231","5-2학기 사회 「3-1. 일제의 식민 통치와 저항」","용어 풀이 추가","변화","","시간이 흐르면서 모습이나 성질, 생활 방식 등이 달라지는 것이에요.","원본 시트 concept_src 탭의 풀이를 옮기고 '~이에요' 체로 맞춤 — 사이트에서 용어를 누르면 풀이가 나옴"
"so5231","5-2학기 사회 「3-1. 일제의 식민 통치와 저항」","용어 풀이 추가","체제","","사회가 일정한 원리와 질서에 따라 운영되는 전체적인 구조예요.","원본 시트 concept_src 탭의 풀이를 옮기고 '~이에요' 체로 맞춤 — 사이트에서 용어를 누르면 풀이가 나옴"
"so5231","5-2학기 사회 「3-1. 일제의 식민 통치와 저항」","용어 풀이 추가","생활 모습","","사람들이 먹고 입고 사는 방법과 일하고 어울리는 방식 등 일상생활에서 드러나는 모습이에요.","원본 시트 concept_src 탭의 풀이를 옮기고 '~이에요' 체로 맞춤 — 사이트에서 용어를 누르면 풀이가 나옴"
"so5231","5-2학기 사회 「3-1. 일제의 식민 통치와 저항」","용어 풀이 추가","문화","","한 사회의 구성원이 함께 만들어 누리는 생활 방식, 지식, 예술, 가치 등을 말해요.","원본 시트 concept_src 탭의 풀이를 옮기고 '~이에요' 체로 맞춤 — 사이트에서 용어를 누르면 풀이가 나옴"
"so5231","5-2학기 사회 「3-1. 일제의 식민 통치와 저항」","용어 풀이 추가","사건","","사회에 영향을 주며 특정한 때와 장소에서 일어난 중요한 일이에요.","원본 시트 concept_src 탭의 풀이를 옮기고 '~이에요' 체로 맞춤 — 사이트에서 용어를 누르면 풀이가 나옴"
"so5231","5-2학기 사회 「3-1. 일제의 식민 통치와 저항」","용어 풀이 추가","식민 통치","","한 나라가 다른 나라의 주권을 빼앗고 정치와 경제, 사회를 지배하는 것이에요.","원본 시트 concept_src 탭의 풀이를 옮기고 '~이에요' 체로 맞춤 — 사이트에서 용어를 누르면 풀이가 나옴"
"so5232","5-2학기 사회 「3-2. 8·15 광복과 6·25 전쟁」","성취기준","[6사06-02]","[6사07-01] 분단으로 나타난 문제점과 분단과 관련된 장소를 평화의 장소로 만들려는 노력 등을 알아보고, 평화 통일을 위해 우리가 할 수 있는 일을 탐색한다.","[6사06-02] 8·15 광복과 6·25 전쟁이 사회와 생활에 미친 영향을 파악한다.","단원과 다른 성취기준(분단·평화 통일)이 들어가 있었음"
"so5232","5-2학기 사회 「3-2. 8·15 광복과 6·25 전쟁」","용어 풀이 추가","공간과 장소","","사람들이 살아가고 활동하며 의미를 만들어 가는 지표면의 일정한 범위예요.","원본 시트 concept_src 탭의 풀이를 옮기고 '~이에요' 체로 맞춤 — 사이트에서 용어를 누르면 풀이가 나옴"
"so5232","5-2학기 사회 「3-2. 8·15 광복과 6·25 전쟁」","용어 풀이 추가","변화","","시간이 흐르면서 모습이나 성질, 생활 방식 등이 달라지는 것이에요.","원본 시트 concept_src 탭의 풀이를 옮기고 '~이에요' 체로 맞춤 — 사이트에서 용어를 누르면 풀이가 나옴"
"so5232","5-2학기 사회 「3-2. 8·15 광복과 6·25 전쟁」","용어 풀이 추가","체제","","사회가 일정한 원리와 질서에 따라 운영되는 전체적인 구조예요.","원본 시트 concept_src 탭의 풀이를 옮기고 '~이에요' 체로 맞춤 — 사이트에서 용어를 누르면 풀이가 나옴"
"so5232","5-2학기 사회 「3-2. 8·15 광복과 6·25 전쟁」","용어 풀이 추가","생활 모습","","사람들이 먹고 입고 사는 방법과 일하고 어울리는 방식 등 일상생활에서 드러나는 모습이에요.","원본 시트 concept_src 탭의 풀이를 옮기고 '~이에요' 체로 맞춤 — 사이트에서 용어를 누르면 풀이가 나옴"
"so5232","5-2학기 사회 「3-2. 8·15 광복과 6·25 전쟁」","용어 풀이 추가","문화","","한 사회의 구성원이 함께 만들어 누리는 생활 방식, 지식, 예술, 가치 등을 말해요.","원본 시트 concept_src 탭의 풀이를 옮기고 '~이에요' 체로 맞춤 — 사이트에서 용어를 누르면 풀이가 나옴"
"so5232","5-2학기 사회 「3-2. 8·15 광복과 6·25 전쟁」","용어 풀이 추가","사건","","사회에 영향을 주며 특정한 때와 장소에서 일어난 중요한 일이에요.","원본 시트 concept_src 탭의 풀이를 옮기고 '~이에요' 체로 맞춤 — 사이트에서 용어를 누르면 풀이가 나옴"
"so5232","5-2학기 사회 「3-2. 8·15 광복과 6·25 전쟁」","용어 풀이 추가","분단","","하나의 국가나 민족이 서로 다른 지역과 체제로 나뉜 상태예요.","원본 시트 concept_src 탭의 풀이를 옮기고 '~이에요' 체로 맞춤 — 사이트에서 용어를 누르면 풀이가 나옴"
"so5232","5-2학기 사회 「3-2. 8·15 광복과 6·25 전쟁」","용어 풀이 추가","평화 통일","","전쟁이나 폭력 없이 대화와 협력으로 분단을 극복하고 하나가 되는 것이에요.","원본 시트 concept_src 탭의 풀이를 옮기고 '~이에요' 체로 맞춤 — 사이트에서 용어를 누르면 풀이가 나옴"
"so6112","6-1학기 사회 「1-2. 민주화와 산업화로 달라진 생활 문화」","재생 설정","v22","유튜브에서 열기(임베드 차단)","사이트 안 재생","임베드 차단이 풀려 사이트 안에서 재생됨(YouTube API 점검 10/2)"
"so6131","6-1학기 사회 「3-1. 세계를 표현한 공간 자료」","재생 설정","v1","유튜브에서 열기(임베드 차단)","사이트 안 재생","임베드 차단이 풀려 사이트 안에서 재생됨(YouTube API 점검 10/2)"
"so6131","6-1학기 사회 「3-1. 세계를 표현한 공간 자료」","재생 설정","v3","유튜브에서 열기(임베드 차단)","사이트 안 재생","임베드 차단이 풀려 사이트 안에서 재생됨(YouTube API 점검 10/2)"
"so6211","6-2학기 사회 「1-1. 세계 여러 지역의 지형과 생활 모습」","용어 풀이 추가","공간과 장소","","사람들이 살아가고 활동하며 의미를 만들어 가는 지표면의 일정한 범위예요.","원본 시트 concept_src 탭의 풀이를 옮기고 '~이에요' 체로 맞춤 — 사이트에서 용어를 누르면 풀이가 나옴"
"so6211","6-2학기 사회 「1-1. 세계 여러 지역의 지형과 생활 모습」","용어 풀이 추가","상호작용","","둘 이상의 대상이 서로 영향을 주고받는 관계예요.","원본 시트 concept_src 탭의 풀이를 옮기고 '~이에요' 체로 맞춤 — 사이트에서 용어를 누르면 풀이가 나옴"
"so6211","6-2학기 사회 「1-1. 세계 여러 지역의 지형과 생활 모습」","용어 풀이 추가","지형","","산지, 평야, 해안처럼 땅 표면에 나타나는 여러 가지 모양이에요.","원본 시트 concept_src 탭의 풀이를 옮기고 '~이에요' 체로 맞춤 — 사이트에서 용어를 누르면 풀이가 나옴"
"so6211","6-2학기 사회 「1-1. 세계 여러 지역의 지형과 생활 모습」","용어 풀이 추가","환경","","사람과 생물을 둘러싸고 생활에 영향을 주는 자연적·사회적 조건이에요.","원본 시트 concept_src 탭의 풀이를 옮기고 '~이에요' 체로 맞춤 — 사이트에서 용어를 누르면 풀이가 나옴"
"so6211","6-2학기 사회 「1-1. 세계 여러 지역의 지형과 생활 모습」","용어 풀이 추가","생활","","사람들이 살아가며 하는 일과 의식주를 포함한 일상 활동이에요.","원본 시트 concept_src 탭의 풀이를 옮기고 '~이에요' 체로 맞춤 — 사이트에서 용어를 누르면 풀이가 나옴"
"so6212","6-2학기 사회 「1-2. 세계의 다양한 기후와 생활 모습」","용어 풀이 추가","공간과 장소","","사람들이 살아가고 활동하며 의미를 만들어 가는 지표면의 일정한 범위예요.","원본 시트 concept_src 탭의 풀이를 옮기고 '~이에요' 체로 맞춤 — 사이트에서 용어를 누르면 풀이가 나옴"
"so6212","6-2학기 사회 「1-2. 세계의 다양한 기후와 생활 모습」","용어 풀이 추가","상호작용","","둘 이상의 대상이 서로 영향을 주고받는 관계예요.","원본 시트 concept_src 탭의 풀이를 옮기고 '~이에요' 체로 맞춤 — 사이트에서 용어를 누르면 풀이가 나옴"
"so6212","6-2학기 사회 「1-2. 세계의 다양한 기후와 생활 모습」","용어 풀이 추가","기후","","한 지역에서 오랜 기간 반복되어 나타나는 평균적인 날씨의 특징이에요.","원본 시트 concept_src 탭의 풀이를 옮기고 '~이에요' 체로 맞춤 — 사이트에서 용어를 누르면 풀이가 나옴"
"so6212","6-2학기 사회 「1-2. 세계의 다양한 기후와 생활 모습」","용어 풀이 추가","환경","","사람과 생물을 둘러싸고 생활에 영향을 주는 자연적·사회적 조건이에요.","원본 시트 concept_src 탭의 풀이를 옮기고 '~이에요' 체로 맞춤 — 사이트에서 용어를 누르면 풀이가 나옴"
"so6212","6-2학기 사회 「1-2. 세계의 다양한 기후와 생활 모습」","용어 풀이 추가","생활","","사람들이 살아가며 하는 일과 의식주를 포함한 일상 활동이에요.","원본 시트 concept_src 탭의 풀이를 옮기고 '~이에요' 체로 맞춤 — 사이트에서 용어를 누르면 풀이가 나옴"
"so6221","6-2학기 사회 「2-1. 경제 주체의 역할과 바람직한 경제활동」","용어 풀이 추가","상호 작용","","둘 이상의 대상이 서로 영향을 주고받는 관계예요.","원본 시트 concept_src 탭의 풀이를 옮기고 '~이에요' 체로 맞춤 — 사이트에서 용어를 누르면 풀이가 나옴"
"so6221","6-2학기 사회 「2-1. 경제 주체의 역할과 바람직한 경제활동」","용어 풀이 추가","체제","","사회가 일정한 원리와 질서에 따라 운영되는 전체적인 구조예요.","원본 시트 concept_src 탭의 풀이를 옮기고 '~이에요' 체로 맞춤 — 사이트에서 용어를 누르면 풀이가 나옴"
"so6221","6-2학기 사회 「2-1. 경제 주체의 역할과 바람직한 경제활동」","용어 풀이 추가","경제활동","","사람들이 필요한 재화와 서비스를 생산하고 나누며 소비하는 활동이에요.","원본 시트 concept_src 탭의 풀이를 옮기고 '~이에요' 체로 맞춤 — 사이트에서 용어를 누르면 풀이가 나옴"
"so6221","6-2학기 사회 「2-1. 경제 주체의 역할과 바람직한 경제활동」","용어 풀이 추가","상호의존","","서로 필요한 것을 주고받으며 도움을 주고받는 관계예요.","원본 시트 concept_src 탭의 풀이를 옮기고 '~이에요' 체로 맞춤 — 사이트에서 용어를 누르면 풀이가 나옴"
"so6222","6-2학기 사회 「2-2. 우리나라의 경제성장」","성취기준","[6사11-02]","[6사11-02] 경제성장이 우리 생활에 미치는 영향을 파악하고, 빠른 경제성장으로 발생한 문제의 해결방안을 탐색한다.","[6사11-02] 경제 성장이 우리 생활에 미치는 영향을 파악하고, 빠른 경제 성장으로 발생한 문제의 해결 방안을 탐색한다.","2022 교육과정 원문 표기 그대로(가운뎃점·마침표·띄어쓰기)"
"so6222","6-2학기 사회 「2-2. 우리나라의 경제성장」","용어 풀이 추가","상호 작용","","둘 이상의 대상이 서로 영향을 주고받는 관계예요.","원본 시트 concept_src 탭의 풀이를 옮기고 '~이에요' 체로 맞춤 — 사이트에서 용어를 누르면 풀이가 나옴"
"so6222","6-2학기 사회 「2-2. 우리나라의 경제성장」","용어 풀이 추가","체제","","사회가 일정한 원리와 질서에 따라 운영되는 전체적인 구조예요.","원본 시트 concept_src 탭의 풀이를 옮기고 '~이에요' 체로 맞춤 — 사이트에서 용어를 누르면 풀이가 나옴"
"so6222","6-2학기 사회 「2-2. 우리나라의 경제성장」","용어 풀이 추가","경제성장","","한 나라에서 생산되는 재화와 서비스의 양과 가치가 늘어나는 것이에요.","원본 시트 concept_src 탭의 풀이를 옮기고 '~이에요' 체로 맞춤 — 사이트에서 용어를 누르면 풀이가 나옴"
"so6222","6-2학기 사회 「2-2. 우리나라의 경제성장」","용어 풀이 추가","생활","","사람들이 살아가며 하는 일과 의식주를 포함한 일상 활동이에요.","원본 시트 concept_src 탭의 풀이를 옮기고 '~이에요' 체로 맞춤 — 사이트에서 용어를 누르면 풀이가 나옴"
"so6223","6-2학기 사회 「2-3. 무역과 세계 경제」","용어 풀이 추가","상호 작용","","둘 이상의 대상이 서로 영향을 주고받는 관계예요.","원본 시트 concept_src 탭의 풀이를 옮기고 '~이에요' 체로 맞춤 — 사이트에서 용어를 누르면 풀이가 나옴"
"so6223","6-2학기 사회 「2-3. 무역과 세계 경제」","용어 풀이 추가","체제","","사회가 일정한 원리와 질서에 따라 운영되는 전체적인 구조예요.","원본 시트 concept_src 탭의 풀이를 옮기고 '~이에요' 체로 맞춤 — 사이트에서 용어를 누르면 풀이가 나옴"
"so6223","6-2학기 사회 「2-3. 무역과 세계 경제」","용어 풀이 추가","교류","","사람이나 지역, 국가가 물건, 정보, 문화 등을 서로 주고받는 활동이에요.","원본 시트 concept_src 탭의 풀이를 옮기고 '~이에요' 체로 맞춤 — 사이트에서 용어를 누르면 풀이가 나옴"
"so6223","6-2학기 사회 「2-3. 무역과 세계 경제」","용어 풀이 추가","무역","","나라와 나라 사이에 상품이나 서비스를 사고파는 경제활동이에요.","원본 시트 concept_src 탭의 풀이를 옮기고 '~이에요' 체로 맞춤 — 사이트에서 용어를 누르면 풀이가 나옴"
"so6223","6-2학기 사회 「2-3. 무역과 세계 경제」","용어 풀이 추가","생활","","사람들이 살아가며 하는 일과 의식주를 포함한 일상 활동이에요.","원본 시트 concept_src 탭의 풀이를 옮기고 '~이에요' 체로 맞춤 — 사이트에서 용어를 누르면 풀이가 나옴"
"so6223","6-2학기 사회 「2-3. 무역과 세계 경제」","재생 설정","v08","유튜브에서 열기(임베드 차단)","사이트 안 재생","임베드 차단이 풀려 사이트 안에서 재생됨(YouTube API 점검 10/2)"
"so6223","6-2학기 사회 「2-3. 무역과 세계 경제」","재생 설정","v12","유튜브에서 열기(임베드 차단)","사이트 안 재생","임베드 차단이 풀려 사이트 안에서 재생됨(YouTube API 점검 10/2)"
"so6231","6-2학기 사회 「3-1. 세계의 인구 분포와 여러 국가의 인구 특징」","용어 풀이 추가","공간과 장소","","사람들이 살아가고 활동하며 의미를 만들어 가는 지표면의 일정한 범위예요.","원본 시트 concept_src 탭의 풀이를 옮기고 '~이에요' 체로 맞춤 — 사이트에서 용어를 누르면 풀이가 나옴"
"so6231","6-2학기 사회 「3-1. 세계의 인구 분포와 여러 국가의 인구 특징」","용어 풀이 추가","인구","","일정한 지역에 살고 있는 사람의 수 또는 그 사람들의 집단이에요.","원본 시트 concept_src 탭의 풀이를 옮기고 '~이에요' 체로 맞춤 — 사이트에서 용어를 누르면 풀이가 나옴"
"so6231","6-2학기 사회 「3-1. 세계의 인구 분포와 여러 국가의 인구 특징」","용어 풀이 추가","분포","","사람이나 사물이 여러 장소에 퍼져 있는 상태예요.","원본 시트 concept_src 탭의 풀이를 옮기고 '~이에요' 체로 맞춤 — 사이트에서 용어를 누르면 풀이가 나옴"
"so6232","6-2학기 사회 「3-2. 지구촌의 문제와 해결」","용어 풀이 추가","상호 작용","","둘 이상의 대상이 서로 영향을 주고받는 관계예요.","원본 시트 concept_src 탭의 풀이를 옮기고 '~이에요' 체로 맞춤 — 사이트에서 용어를 누르면 풀이가 나옴"
"so6232","6-2학기 사회 「3-2. 지구촌의 문제와 해결」","용어 풀이 추가","공동체","","공통의 생활 터전이나 목적을 바탕으로 서로 관계를 맺고 살아가는 집단이에요.","원본 시트 concept_src 탭의 풀이를 옮기고 '~이에요' 체로 맞춤 — 사이트에서 용어를 누르면 풀이가 나옴"
"so6232","6-2학기 사회 「3-2. 지구촌의 문제와 해결」","용어 풀이 추가","협력","","공동의 목표를 이루기 위해 힘과 지혜를 모아 함께 행동하는 것이에요.","원본 시트 concept_src 탭의 풀이를 옮기고 '~이에요' 체로 맞춤 — 사이트에서 용어를 누르면 풀이가 나옴"
"so6232","6-2학기 사회 「3-2. 지구촌의 문제와 해결」","용어 풀이 추가","평화","","전쟁이나 폭력이 없고 서로의 권리와 안전이 존중되는 상태예요.","원본 시트 concept_src 탭의 풀이를 옮기고 '~이에요' 체로 맞춤 — 사이트에서 용어를 누르면 풀이가 나옴"
